	Atrial_cardiomyocytes	Capillary_endothelium	Cardiac_neural_crest_cells_Schwann_progenitor_cells	Endothelium_pericytes_adventitia	Epicardial_cells	Epicardium-derived_cells	Erythrocytes_11	Erythrocytes_6	Fibroblast-like_cardiac_skeleton_connective_tissue	Fibroblast-like_larger_larger_vascular_development	Fibroblast-like_smaller_vascular_development	Immune_cells	Myoz2-enriched_cardiomyocytes	Smooth_muscle_cells_fibroblast-like	Ventricular_cardiomyocytes
X17x16	0.17040414	1.3624273e-11	0.06822606	0.02310068	0.13077524	0.063434176	0.11778402	0.09236663	0.010976931	0.02699798	1.3609754e-11	1.36418515e-11	0.22520304	0.07073102	1.360568e-11
X18x10	0.017419886	0.013289878	0.10238617	0.059011884	1.4881558e-11	0.10789467	0.04060134	0.047241997	0.0637926	0.06925821	1.4982092e-11	0.041581888	0.22059047	0.050212037	0.16671902
X18x11	2.1573111e-11	1.7124854e-11	1.7152935e-11	0.14480233	0.020374823	0.11616817	0.10072174	0.036776293	0.081145324	0.09127458	0.08773895	0.035628613	0.16423531	1.7207692e-11	0.12113385
X18x14	0.17180637	0.055297334	0.06409909	0.03459569	0.097403295	0.036449518	0.03842069	0.12852347	0.013999742	0.023507208	1.582817e-11	0.0988049	0.22381844	0.0132742	1.5833937e-11
X18x15	0.1407764	0.023464188	0.053723283	0.023545006	1.0283582e-11	1.0349225e-11	0.31958967	0.20826836	0.009486913	1.0271566e-11	0.013971516	0.049766473	0.07654208	0.052135356	0.028730774
X18x16	0.12354165	0.042341094	0.075136416	0.022805227	1.5671407e-11	0.02100595	0.32608238	0.20917028	1.5722574e-11	1.5686539e-11	0.01273399	0.029396025	0.080701396	0.057085644	1.5634893e-11
X18x17	0.18849394	0.05591604	1.2805896e-11	0.050258994	0.040709976	1.2870345e-11	0.17869394	0.09173158	1.2924563e-11	1.2920718e-11	0.02715101	0.070807554	0.181352	0.10446833	0.010416672
X18x5	0.03775934	1.6268509e-11	0.033800542	0.05876199	0.0733008	0.1165305	0.0649348	1.613692e-11	0.034501377	0.04544774	0.036854096	0.07070836	0.18638739	0.048384342	0.19262865
X18x6	0.024179595	2.0821393e-11	0.051197134	0.14531898	2.0921632e-11	0.049347524	0.037398167	2.0894992e-11	0.044810526	2.0946307e-11	0.047150932	0.03020333	0.18399636	0.08508724	0.30131024
X18x7	0.04984948	1.5872925e-11	0.056548443	0.09016667	1.5931706e-11	0.05951487	0.04097041	1.5916003e-11	1.5938455e-11	0.033150114	0.034303565	0.026142627	0.29736808	0.09283932	0.21914648
X18x8	0.019068876	0.017519033	0.054063715	0.031311892	0.020138098	0.03288019	0.010574944	0.015943838	0.059428677	0.039711926	0.060181484	0.053105317	0.28444335	0.05115692	0.25047174
X18x9	0.084545985	0.028633323	0.07717401	0.08431797	0.026331032	0.052635007	0.0064025964	0.02681966	1.5813215e-11	0.023810567	0.03763828	1.5683154e-11	0.23509175	0.09341642	0.22318335
X19x10	0.050196107	0.08904895	0.03966222	0.06461744	1.0111818e-11	0.058305405	0.13659348	0.033967413	0.101491965	0.01658053	1.0187588e-11	0.0325947	0.09531492	0.06360512	0.2180217
X19x11	0.047361847	0.018570041	0.029977797	0.19321063	1.7367613e-11	0.049627423	0.040628713	0.036036357	0.07327375	1.7437149e-11	0.00512743	0.03685362	0.25549838	0.06432907	0.14950491
X19x12	0.059816066	0.04301524	0.055411838	0.15327592	0.0071098884	0.059598375	0.023297621	1.2267305e-11	0.01895898	0.10951411	0.1358419	1.2326787e-11	0.14349087	0.08579758	0.10487165
X19x14	0.2837558	0.07238989	0.043733757	0.049343284	0.03278866	0.006775431	0.06797083	0.06790875	0.00903387	0.03123266	1.4867427e-11	0.059770387	0.20578001	0.041872717	0.027643992
X19x15	0.31644973	0.025484584	0.026903158	0.02603985	0.028878763	0.014503185	0.064127885	0.15458685	0.006304327	0.009908114	0.004855399	0.04874808	0.1217086	0.114564344	0.036937203
X19x16	0.15701768	0.037426822	0.033530854	0.03611878	7.511186e-12	0.011877628	0.20386486	0.2254709	0.013611885	0.0114229955	7.502781e-12	0.03940457	0.11843149	0.08169786	0.03012379
X19x17	0.15006115	0.03181113	1.6142752e-11	0.03408353	0.039592035	0.050214313	0.24635811	0.21994981	0.013503862	1.6045748e-11	1.6107905e-11	0.03342615	0.14692451	0.034075387	1.608172e-11
X19x3	1.395287e-11	1.3932579e-11	0.082155466	0.07667418	1.3883106e-11	0.17221853	0.061353523	0.046966795	0.02196555	1.391115e-11	0.05874634	0.09412336	0.15319131	0.03918678	0.19341817
X19x4	0.033587195	0.048646215	0.091405146	0.05043389	1.297714e-11	0.061832402	1.3039589e-11	1.2989373e-11	0.03382873	0.031330336	0.009520983	0.02532199	0.30302304	0.06383912	0.24723099
X19x5	0.054829985	0.034259308	0.034170408	0.029038545	0.015094233	0.0316277	1.6051185e-11	0.06863903	0.050177816	0.061341394	0.016371062	0.014792961	0.26741612	0.05845361	0.26378784
X19x6	0.054616243	0.033803247	0.03572964	0.018807478	1.4260042e-11	0.037226096	0.02859824	1.4218598e-11	0.042390577	0.022736786	0.03692257	1.4235203e-11	0.27260736	0.10021062	0.31635115
X19x7	0.11411122	0.020471063	0.027494159	0.03751753	0.024731634	1.1072397e-11	1.1004163e-11	0.01150152	0.03635526	1.1061822e-11	0.042067114	0.013697652	0.24507026	0.088752866	0.33822975
X19x8	0.074713044	1.6114075e-11	0.075354986	0.072118625	0.011541806	0.026562732	0.023604704	1.6043262e-11	0.08544154	1.6052569e-11	0.022935703	0.045210987	0.24151559	0.09569025	0.22531007
X19x9	0.15937251	0.07844267	0.038242534	0.030969702	0.024331488	0.015665758	1.2982206e-11	0.03432188	0.043430053	1.30480895e-11	0.019449577	0.03077959	0.2289111	0.08411217	0.21197106
X20x10	0.08065245	0.026866652	8.0670505e-12	0.04657838	0.0030362091	1.4527159e-11	0.029442372	0.016281594	0.08690736	0.016773157	0.04823918	0.042944755	0.24729136	0.1367276	0.21825895
X20x11	0.054331545	0.051651984	0.06729381	1.2843716e-11	0.031124908	0.0771051	0.018804222	1.2827509e-11	0.10157975	0.01708887	0.041401148	1.2825062e-11	0.17836647	0.04322694	0.31802526
X20x12	0.0489785	1.077933e-11	0.054561302	0.061311472	0.023974061	0.051417634	0.034670427	0.014915338	0.027553197	0.03301106	0.058325626	0.026286954	0.30934882	0.08314957	0.17249598
X20x13	0.0535583	0.014454825	6.781446e-12	0.07668994	0.04757608	0.24655937	0.27700675	0.077640295	0.020568218	6.773121e-12	0.0064130607	0.049449664	0.015755832	0.110498644	0.0038289677
X20x15	0.11167	0.045022566	0.080151305	0.023725871	0.01779517	0.031220263	0.21831226	0.21821749	4.830156e-12	4.821366e-12	0.0049961875	0.10731559	0.08646412	0.05510903	4.7942683e-12
X20x16	0.29186276	0.07710002	0.06580391	0.03967375	0.009513416	0.029932907	0.09036782	0.14182328	0.007371324	0.007380258	0.006624867	0.020337963	0.10338817	0.093607575	0.015211966
X20x17	0.09440977	0.02765847	0.024274018	0.022584692	0.008216906	0.03372446	0.2550564	0.25500166	0.015075839	5.6718666e-12	0.012164409	0.04560076	0.13509858	0.07113401	5.629564e-12
X20x18	0.09845515	0.0980853	0.024337195	0.055437382	0.0030253655	0.00687432	0.20343478	0.15991947	0.009091784	1.3537735e-11	0.014572354	0.06108972	0.22670075	0.030033264	0.00894316
X20x2	0.030149454	1.3970926e-11	1.3955292e-11	0.09324875	0.02886249	0.11027476	0.011406855	1.3893305e-11	0.07098964	0.03664024	0.06597567	0.088185385	0.18827814	0.07882681	0.19716178
X20x3	0.06895626	0.07622691	0.08561987	0.06077279	0.01001214	0.06114172	0.086965725	1.5220984e-11	1.525886e-11	0.05672766	1.5255542e-11	0.014553562	0.17384453	0.09317544	0.21200335
X20x4	0.09207396	0.02820336	0.059426416	0.020110054	0.007559533	0.022150196	0.029680386	0.035365064	1.0286974e-11	1.028719e-11	0.0009991473	0.02671134	0.23112117	0.10235393	0.34424543
X20x5	0.04336264	0.3096319	9.359756e-12	0.07416145	0.010544148	0.023408817	0.05795704	0.034585636	0.036252484	0.010033353	0.015109839	0.0845402	0.13266128	0.06632621	0.10142498
X20x6	0.044534296	0.0332091	0.055899944	0.03778502	0.013136241	8.7551875e-12	0.16532211	0.27659607	0.05097249	0.008219129	0.007564246	0.049721338	0.06997238	0.044540953	0.14252664
X20x7	0.09416058	0.04246198	0.06232275	0.054519013	7.967157e-12	0.022720987	0.009183186	0.029088974	0.058972497	0.02505746	0.017813258	0.031061279	0.16165844	0.06675543	0.32422408
X20x8	0.057447515	0.027299024	7.0749396e-12	0.038286697	0.017896	0.023076992	0.11173824	0.08949667	0.100272015	0.0033158972	0.023064328	0.0420095	0.19047232	0.073991045	0.20163383
X20x9	0.07650273	0.15940025	0.058696155	0.034294307	0.011846384	0.06255881	0.048244856	0.08996552	0.06039225	0.014502945	0.011390496	0.058205817	0.06697881	0.08870078	0.15831988
X21x10	0.017862463	0.21598968	0.11187835	0.10918595	0.006348979	0.06885468	0.04619748	0.042299412	0.145359	6.8350035e-12	0.028562892	0.0721372	0.03831517	0.08091055	0.016098157
X21x11	0.07096166	0.17394966	0.06354505	0.08195438	0.007744121	0.024535323	8.676745e-12	8.681976e-12	0.10357039	0.058384962	8.706652e-12	8.6946205e-12	0.18655656	0.058723073	0.1700749
X21x12	0.09991016	0.125445	0.1087225	0.040859442	0.006578116	0.025205497	1.0342552e-11	1.0331315e-11	0.027861381	0.038698934	0.025432406	0.05239668	0.14902703	0.07565834	0.22420448
X21x13	0.014891514	0.033111062	0.08714599	0.14090967	0.020376727	0.26493022	0.032892086	0.012392412	0.076596454	0.08062526	0.036931865	0.026165796	7.875086e-12	0.17079633	0.002234663
X21x15	0.32408878	0.08375309	0.041710306	0.033928014	0.027566632	0.0063006403	0.061264876	1.0626071e-11	0.027310474	0.036538217	1.05869055e-11	0.03089656	0.22032057	0.05543054	0.050891265
X21x16	0.20942986	0.12981956	0.0394156	0.07115359	0.0111556575	0.06276158	0.11549042	0.04816548	0.007550618	0.008259177	1.1359957e-11	1.1339542e-11	0.16142844	0.11172227	0.023647664
X21x17	0.22581968	0.19201772	1.2340257e-11	0.028268427	0.032279972	0.034425076	0.043777473	0.02684916	0.024374492	1.233628e-11	0.012098561	0.033246562	0.23914534	0.099246085	0.00845144
X21x18	0.2847801	0.037992787	0.04171447	0.02851617	0.13887814	0.0460236	0.021838266	1.858551e-11	0.0495718	1.8716315e-11	0.007819173	0.04869446	0.11902477	0.14218669	0.032959547
X21x2	0.07433014	0.07288285	0.10091057	0.07526296	0.018473864	0.015257868	0.026090486	1.2452328e-11	0.021803517	1.2477434e-11	0.031265404	0.061604373	0.21063401	0.047584824	0.24389912
X21x3	0.059115753	0.06287132	0.045775577	0.04122245	7.64935e-12	0.011361233	0.016350787	0.006307842	0.047840666	0.02169312	0.0187239	0.037482597	0.24611136	0.08038681	0.3047566
X21x4	0.15456977	0.05837474	0.046492092	0.05412109	0.004820981	1.2442572e-11	0.02031663	1.2396286e-11	0.048130475	1.2415666e-11	0.046979066	1.2468492e-11	0.22486348	0.06746213	0.27386957
X21x5	0.10862237	0.07893372	9.3139e-12	0.02968332	0.005873378	0.057740964	0.09044683	9.306477e-12	0.051337585	0.050541855	0.03116665	0.01684791	0.17279159	0.05856284	0.24745092
X21x6	0.12230893	0.007967964	0.039759733	0.02359743	0.013731659	0.023123203	0.056950632	0.09619391	0.08989186	0.012772553	0.015874559	0.036655463	0.14100856	0.08224273	0.23792076
X21x7	0.15814815	0.03626737	0.045412675	0.04615976	7.92987e-12	0.053333685	0.03432523	0.0760891	0.04239985	0.006503189	0.028301863	7.936815e-12	0.15554133	0.06997414	0.24754374
X21x8	0.0481557	0.098674074	0.10657701	0.08244656	0.013712557	0.05192535	0.023833366	1.0038634e-11	0.11909848	1.010728e-11	0.0618115	0.055501193	0.13930541	0.05630393	0.14265487
X21x9	0.019255677	0.04281405	0.09182299	0.054365575	8.344492e-12	0.020056358	0.10289314	0.14710063	0.11729708	0.026589863	0.020555457	0.04776493	0.10388979	0.093625255	0.11196918
X22x10	0.018591776	0.16386402	0.09477857	0.054719377	0.019075325	0.091622	0.020283427	0.0431897	0.24248637	0.02639453	0.047667358	0.059522457	6.207633e-12	0.07829855	0.039506536
X22x11	0.06693864	0.14327654	0.08166859	0.04901363	0.0066824392	1.2715394e-11	0.032673027	0.008464255	0.16772236	0.054839093	0.042932708	0.043463543	0.09146052	0.074646324	0.13621834
X22x12	0.058738414	0.024747582	0.061408035	0.03991151	0.016139086	0.027001986	0.021099227	0.088566534	0.09774756	9.626771e-12	0.015505719	0.019491836	0.24649897	0.098447785	0.18469575
X22x13	0.0054576285	0.0147955865	0.07956782	0.0824095	0.0032257396	0.24469294	0.03832039	0.02729925	0.16813761	0.03961118	0.07244809	0.071949825	7.728039e-12	0.1427	0.009384558
X22x15	0.19675334	0.0227099	0.06460784	0.003480632	0.14854622	0.16707976	1.0872995e-11	0.03086642	0.03964229	1.0886194e-11	0.035542503	0.08155067	0.14684397	0.062376395	1.0835607e-11
X22x16	0.11657676	1.754841e-11	0.03939856	0.05004772	0.13748917	0.11375556	0.04187175	1.7513066e-11	0.07412858	0.035186484	0.063214034	0.07629134	0.11583576	0.13620432	1.7576246e-11
X22x17	0.39047942	0.05057268	0.038330458	0.05711806	1.8218477e-11	0.036859907	0.026918208	1.8078284e-11	1.8182615e-11	0.05933956	0.032529186	0.040704284	0.2078902	0.059258036	1.8139905e-11
X22x18	0.3639821	0.047285173	0.06744805	0.03964467	0.025305485	0.018624704	0.06138068	0.031272274	0.014063631	0.0061911927	0.021795833	1.1859142e-11	0.14147614	0.14902909	0.012501019
X22x2	0.014962801	0.04787863	8.739162e-12	0.15859385	0.05839975	0.21672122	8.716173e-12	8.694239e-12	0.008919103	0.15342937	0.10632246	0.075662255	0.05298998	0.029877169	0.07624351
X22x3	0.10260456	1.3284013e-11	0.03948171	0.12163182	1.3283354e-11	0.03629459	1.32083944e-11	1.3240252e-11	0.017946085	1.32590544e-11	0.030957019	0.07169964	0.19273692	0.07993453	0.30671307
X22x4	0.13219528	0.03512188	0.075902894	0.041027725	0.018461905	0.011200086	0.017749894	0.02443494	0.042470966	0.03691577	0.025938665	0.014031934	0.23746292	0.04866507	0.23842005
X22x5	0.075607896	0.03825463	0.074152075	0.025855083	1.2597283e-11	0.02860761	0.035436157	0.021730667	0.07389985	0.021329634	0.005317847	0.017987952	0.24496813	0.08993497	0.2469175
X22x6	0.082272425	0.04668454	0.030881377	0.023533532	0.004782442	0.033554655	0.021944983	0.0128384745	0.03836345	0.05864859	0.009662576	0.005503871	0.24862726	0.08985706	0.29284486
X22x7	0.05950634	0.03526389	0.05404418	0.034001037	0.0024855852	0.035258383	1.0846069e-11	1.083788e-11	0.037029263	1.0896539e-11	0.060432553	1.0877414e-11	0.3025169	0.115813196	0.26364863
X22x8	0.06388064	0.04675066	0.04500642	0.059301056	0.0056568594	0.034668837	0.07391842	0.00791094	0.08556018	8.151352e-12	0.04231214	0.010245622	0.23190299	0.06218559	0.23069973
X22x9	0.055146184	0.021571364	0.08079546	0.02604724	0.03546208	0.03662833	6.1310627e-12	0.011298576	0.06753531	0.051589854	0.067068815	0.034350455	0.20248123	0.074761115	0.23526399
X23x10	0.12882344	0.018919498	0.09123114	1.3631546e-11	0.040201623	0.0670416	0.034856666	0.033088334	0.14353484	0.030366238	0.048667688	0.048843242	0.10588363	0.08026482	0.12827724
X23x11	0.04118788	0.09124063	0.08683181	1.0942327e-11	1.09483195e-11	0.09497653	0.062220022	1.088529e-11	0.42092007	0.04460642	0.020256856	0.02042544	1.0917561e-11	0.117334336	1.09334816e-11
X23x12	0.07880304	0.027430221	0.22542949	0.013873686	0.013152255	0.0017398632	1.3200552e-11	0.0107066715	0.30737606	1.3212063e-11	0.06415112	1.32555295e-11	1.326762e-11	0.08877517	0.16856246
X23x13	0.01914962	0.032465708	0.1265491	0.05007753	1.0771647e-11	0.18522163	0.021248389	0.027622135	0.19886437	1.0814508e-11	0.13891579	0.03142581	1.07971115e-11	0.15408136	0.0143785775
X23x15	0.16618693	0.031261005	0.091800794	0.026507923	0.06916891	0.18776654	0.074448675	1.6831337e-11	1.6912301e-11	1.6904981e-11	1.6869036e-11	0.045525327	0.18689854	0.120435305	1.6799586e-11
X23x16	0.39657408	0.09407652	0.062257253	0.07950229	1.7140471e-11	0.067543976	0.025404241	1.7083222e-11	1.7248137e-11	1.7141484e-11	1.7203192e-11	0.058721624	0.096043184	0.10698014	0.0128967
X23x17	0.3568714	0.11069711	0.059334118	0.057170156	0.055724714	0.059252743	0.021496093	1.302722e-11	0.006835645	0.009314183	0.01156235	0.048060194	0.09412488	0.10955633	1.2987697e-11
X23x2	0.1105042	0.058864504	0.09069549	0.09780101	1.490063e-11	0.06909367	0.027171068	0.012109077	0.041097477	0.09177629	0.027905283	1.503323e-11	0.178782	0.025037246	0.16916268
X23x3	0.06978098	0.1018538	0.04578282	0.025200527	9.457607e-12	9.468291e-12	0.028553601	9.434671e-12	0.049831443	0.0276445	0.019195274	9.438793e-12	0.23325394	0.116799235	0.2821038
X23x5	0.12919794	0.06725317	1.2735458e-11	0.0544437	0.0288819	1.3617195e-10	0.037919775	0.09928465	0.060529437	1.2705979e-11	1.2771191e-11	0.038461633	0.17286322	0.08198186	0.22918266
X23x6	0.09434541	0.06117129	0.037608717	0.057111405	0.02320415	0.024063453	0.18414333	0.04552652	0.017597234	1.6825747e-11	1.6867006e-11	0.041575737	0.17732102	0.06998767	0.16634409
X23x7	0.09490694	0.08202536	0.051696498	1.39076676e-11	1.3910611e-11	0.06444943	0.03931715	1.3852706e-11	1.3909736e-11	0.02414197	1.3899791e-11	0.017282423	0.25936127	0.092905626	0.27391326
X23x8	0.10202811	0.02230638	0.026701022	0.07484207	0.005399267	0.018579038	0.02542833	0.059406694	0.013989757	0.035341654	0.038326845	0.015557661	0.27391452	0.07289374	0.215285
X23x9	0.109848276	0.032564934	0.05898237	0.03255903	0.0058989762	0.035625156	0.020503815	1.1398434e-11	0.08694901	0.041861035	0.011158247	0.03455454	0.29234686	0.048444368	0.18870336
X24x10	0.065276206	0.015213292	0.11141456	0.051142916	1.0207536e-11	0.01831352	0.07487113	0.068399474	0.06852346	0.03097067	0.009169663	1.0164407e-11	0.14242233	0.0780623	0.26622054
X24x11	6.904059e-12	0.008194634	0.0905961	0.0033132965	0.018480895	0.09486109	0.24626032	0.22440799	0.14090621	6.9071285e-12	0.024089877	0.08182204	6.9090124e-12	0.039498985	0.027568491
X24x12	0.025542187	0.041793387	0.098121226	0.038855135	0.02986668	0.09210394	0.06424581	0.053224042	0.30195037	7.1790737e-12	0.02911586	0.037085444	0.03236396	0.11808404	0.037647855
X24x13	0.019440904	0.061427813	0.1595693	6.3647577e-12	0.069947265	0.14477342	6.338445e-12	6.3275856e-12	0.28587568	0.0143863335	0.03360967	0.03198135	6.3004406e-12	0.16698292	0.012005399
X24x14	0.035424944	0.09453872	9.091851e-12	0.04195158	0.03322164	0.081145406	9.072727e-12	0.015183604	0.08757863	0.16028123	0.03777307	0.07009094	9.082041e-12	0.34281027	9.118145e-12
X24x15	0.016188705	0.064174004	0.04753941	0.05776402	0.046502903	0.13132186	0.012717033	0.03889005	0.07668439	0.08029684	0.031111874	0.08945251	7.0949167e-12	0.29123086	0.016125623
X24x16	0.0392778	0.024025414	0.042439673	0.064465865	0.1279448	0.21751578	0.025184292	1.028838e-11	0.033425365	1.0348822e-11	0.019258438	0.0929097	1.0271948e-11	0.3135529	1.0338187e-11
X24x2	0.10635923	0.076458216	1.3112024e-11	0.08842884	1.3133675e-11	0.022544377	0.020244578	1.3116074e-11	0.051185228	1.3155236e-11	0.001290993	0.026607541	0.20308007	0.06241948	0.34138143
X24x3	0.07803251	0.14197914	0.060380585	0.06239329	1.0265476e-11	0.0055090995	0.032886762	1.01749685e-11	0.015436404	0.06283848	1.0262579e-11	0.049436614	0.14858411	0.07615204	0.26637095
X24x4	0.10599864	0.14069451	0.06666123	0.0016329644	0.014251715	0.021450896	0.15132315	0.16314292	0.028611856	7.714736e-12	7.777483e-12	0.035598055	0.09377575	0.05386459	0.12299366
X24x5	0.028816096	0.004214005	0.047540937	0.019644076	0.022460347	0.0053180126	0.3333779	0.33421266	0.026585994	7.3948755e-12	0.023084478	0.0804961	0.022431819	0.03937012	0.012447522
X24x6	0.011300612	0.029807404	0.06997317	6.921904e-12	0.006327639	0.036412485	0.31553093	0.31552175	0.007005385	0.009990955	6.978189e-12	0.12475592	0.046500422	0.019888874	0.0069845538
X24x7	0.16652663	0.048546813	0.07415618	0.029592426	0.0011003698	8.7693654e-12	0.12514058	0.029780451	0.022863254	0.015460609	0.018430807	0.027056323	0.095991515	0.10606968	0.2392843
X24x8	0.17564948	0.019705825	0.05639376	0.04304776	1.0740669e-11	0.0006478588	0.031476226	1.0644002e-11	0.06353535	0.06633705	0.0031389326	0.05582341	1.0732683e-11	0.11625164	0.3679927
X24x9	0.07042891	8.257695e-12	0.043023415	0.08215768	0.012758419	8.237905e-12	0.011128937	0.02169707	0.091548674	0.03763312	0.035148382	0.025994664	0.20613109	0.06891987	0.2934298
X25x10	0.017695567	0.009952759	0.08911312	6.630859e-12	0.030255616	0.030031653	0.30005637	0.3000374	6.638604e-12	6.624324e-12	0.0068933764	0.13371119	0.034880884	0.035662383	0.011709628
X25x11	0.016152425	0.0035527314	0.066183336	0.006458674	6.9841377e-12	0.01755909	0.31559336	0.31575105	0.018607128	6.944314e-12	6.9847236e-12	0.14054304	0.029366614	0.0612396	0.008992926
X25x12	0.009754992	0.05830097	0.08767627	0.03732424	0.019959817	0.026775807	0.21193239	0.21189176	0.049965527	0.02997978	4.686701e-12	0.15028426	0.022777658	0.07112793	0.012248594
X25x13	0.0057158237	0.059912372	0.092568025	0.033038378	0.042031683	0.023481177	0.20109156	0.2188434	0.17445657	7.45251e-12	0.029011043	0.03548576	7.383451e-12	0.07579003	0.008574144
X25x14	0.017956506	0.113958396	0.065439515	0.06990598	0.034667328	0.17565732	0.018450614	1.1563426e-11	0.20690146	1.15895245e-11	0.027860971	0.036283482	1.1498392e-11	0.2329185	1.14755835e-11
X25x15	0.023527488	0.04470093	0.058092028	0.09138605	0.013713593	0.16601141	0.03673148	7.564027e-12	0.06821284	0.014523242	0.017465802	0.13079354	0.017604392	0.309377	0.007860258
X25x2	0.047659475	0.13516243	0.03870882	0.059025843	1.2678516e-11	0.07577065	0.033317443	1.2627328e-11	0.033456028	0.09729349	1.2746529e-11	0.03794855	0.14120619	0.047819585	0.25263146
X25x3	0.08207061	0.10453075	0.023559112	0.037382554	1.6840697e-11	0.053919464	0.08367041	0.014697326	0.06774346	0.035457294	1.679092e-11	0.030007396	0.1145888	0.023153644	0.3292192
X25x4	0.123798735	0.073066294	0.035182554	0.028094744	0.016884929	1.2313656e-11	0.043665793	1.23026225e-11	1.23219265e-11	1.23126466e-11	0.03407891	0.078039326	0.18088663	0.12871625	0.2575858
X25x5	0.18315224	0.097347155	0.028926037	0.030228198	0.011650412	0.033177014	0.083676144	0.062188387	0.02870525	0.0030302533	1.4716901e-11	0.05309759	0.131459	0.044057325	0.20930497
X25x6	0.14489211	0.06906602	0.07137188	0.05759122	1.5708195e-11	1.5669025e-11	0.08519812	0.062870115	0.023009423	1.5626852e-11	1.564221e-11	0.020482669	0.187274	0.06628736	0.21195713
X25x7	0.069187485	0.035238475	0.021255795	6.5751007e-12	0.0081505785	0.024042314	0.2960768	0.2967001	0.043053273	0.029922003	6.5592926e-12	0.04472058	0.069008835	0.03487766	0.027766192
X25x8	0.027391467	0.03017288	0.03184806	0.0039442005	0.013654488	0.010248603	0.3447766	0.34451482	0.005597897	0.015883302	7.592158e-12	0.09195666	0.031756964	0.02961506	0.018638924
X25x9	0.013007104	0.022919238	0.06760599	0.007788099	0.0115488265	0.028394343	0.34545302	0.34539473	0.02712585	7.623452e-12	7.621344e-12	0.060161956	0.019601934	0.04022341	0.010775479
X26x10	0.049290534	0.014178762	0.066957876	0.05526224	0.012874298	0.037195064	0.034567624	0.022396347	0.050171517	8.27514e-12	0.00991902	0.00851364	0.28335246	0.060418762	0.2949018
X26x11	0.064690046	1.14805075e-11	1.150587e-11	0.035878368	1.147707e-11	0.009993838	0.0715705	0.051397774	0.14088516	0.031899907	0.06415562	0.046365853	0.23779486	0.06537478	0.17999335
X26x12	0.0780423	0.017411077	0.11429393	0.05224016	0.03260337	0.26673096	0.037034787	0.042766534	0.12189623	0.02760786	7.8763055e-12	0.034055244	7.842084e-12	0.103712045	0.071605556
X26x13	0.06708643	0.018458944	1.17814985e-11	0.072265856	0.054529294	0.07251703	0.22342075	0.10235568	0.026168797	0.08097272	0.013033894	0.08283217	1.1789276e-11	0.12233873	0.064019635
X26x14	0.29977095	0.029017454	0.122757405	0.16843693	1.5681048e-11	0.071522824	0.06271076	1.5582837e-11	0.012515945	0.020430105	1.5666461e-11	1.556638e-11	0.114284776	0.086175114	0.012377758
X26x15	0.044511925	0.03047705	0.061341252	0.04623879	0.25956377	0.19488321	0.057496537	0.028580917	1.823426e-11	1.809443e-11	1.8187195e-11	0.06333542	0.036145058	0.15291385	0.024512252
X26x16	1.1859749e-11	0.014957568	0.10239314	0.06704363	0.057519272	0.089078814	0.041591607	1.1839046e-11	0.034974303	0.11832959	1.1921664e-11	0.07519139	1.1860111e-11	0.36744696	0.031473774
X26x17	0.014380342	0.030456131	0.15891083	0.09368587	0.05255728	0.14627382	0.038814157	0.05487448	0.043974817	0.024107996	0.019258924	0.056208897	8.806319e-12	0.25217256	0.014323886
X26x2	0.08256186	0.027294314	0.1085325	0.010748672	0.024559645	0.04824805	0.017876502	9.061327e-12	0.031033613	0.07250547	0.07060776	0.029039575	0.17822726	0.048736066	0.25002876
X26x3	0.16018182	0.040980697	0.035646453	0.062742874	1.30741815e-11	0.031254992	0.010571658	1.3041803e-11	0.04343402	0.086273424	1.315001e-11	1.3147978e-11	0.22237773	0.067230955	0.23930539
X26x4	0.08780505	0.06948157	0.012453398	0.06881454	1.0230683e-11	0.031633314	0.05775314	0.04014777	0.021045601	0.023030482	1.0265437e-11	0.02752448	0.17713638	0.09968515	0.28348914
X26x5	0.08671394	0.1467842	0.06106046	0.026014365	8.8614255e-12	8.874923e-12	0.071044624	0.026213521	0.055010684	0.035382297	0.046238802	0.05667902	0.15850314	0.07471341	0.15564153
X26x6	0.14561464	0.020269955	0.06628055	0.056189388	1.0090605e-11	2.237287e-05	0.06260015	0.08907733	0.02682106	0.014991588	1.00766045e-11	0.018110761	0.17916466	0.0953131	0.22554442
X26x7	0.093419135	0.031141177	0.025524944	0.023649879	0.00075362413	0.010848835	0.16851386	0.16199861	0.04833785	9.054894e-12	9.0631365e-12	0.013909694	0.13184707	0.0731669	0.21688828
X26x8	0.091852024	0.02579478	0.0642347	0.04497444	0.0012792649	0.08018702	0.078006126	0.02517241	0.056038473	0.056447364	0.020588301	7.160112e-12	0.1878352	0.08383538	0.18375452
X26x9	0.053310443	0.085900106	0.064819746	0.026607662	0.009063786	0.011949551	0.25674483	0.04461964	0.0084714005	0.023380062	7.027362e-12	0.020249259	0.12528947	0.07417189	0.19542214
X27x10	0.04022511	0.0148778735	0.094554715	0.07839947	0.022456802	0.05937745	8.393224e-12	0.053207144	0.048874006	8.404406e-12	0.039654333	0.03169679	0.20600395	0.07818247	0.23248997
X27x11	0.034444597	0.036897957	0.07189224	0.20711945	0.0295425	0.15889716	8.691497e-12	0.012678506	8.707493e-12	0.18964913	0.07524439	0.06001749	8.690602e-12	0.1064005	0.017216012
X27x13	0.36738774	1.5935184e-11	0.068883345	0.037586965	1.5948501e-11	0.019213615	0.1116637	0.108264945	0.01791401	1.5925278e-11	1.5951027e-11	0.04339094	0.1187334	0.07899979	0.0279615
X27x14	0.08677235	0.034400243	0.045594797	0.013050104	0.006430022	0.023286013	0.28505045	0.2856305	0.015610941	6.317073e-12	6.303172e-12	0.07372237	0.047601037	0.08285118	6.3166998e-12
X27x17	0.07546603	0.05113918	0.2157071	0.024822896	0.008450719	0.047030438	0.23794255	0.056334075	2.5588151e-11	2.550765e-11	2.5594204e-11	2.5440648e-11	2.55131e-11	0.2708595	0.012247468
X27x18	0.06973018	0.048378326	0.10332313	0.036186136	0.17492028	0.11716894	0.117602885	0.013184986	0.020061119	0.009099777	0.02679826	0.02029123	1.5519171e-11	0.23641263	0.0068421504
X27x2	0.06810374	0.020655887	0.11761151	0.12094726	0.11533387	0.19113915	0.020646574	1.1536611e-11	0.031154772	1.1529616e-11	0.016918512	0.04416959	0.08062884	0.041308135	0.13138212
X27x3	0.023390086	0.021437429	0.09359658	0.113002405	0.007529313	0.06302811	0.012460998	8.625381e-12	0.040803213	0.026955077	0.017654318	0.058629557	0.17096037	0.09928021	0.25127235
X27x4	0.03282147	0.011716573	8.126903e-12	0.07613634	0.005843897	0.033639107	0.11035942	0.012642011	0.042086497	0.06779137	0.03983953	0.042592287	0.20508361	0.082755916	0.23669189
X27x5	0.0026286568	0.023348823	0.042076778	0.091535926	0.018740734	2.2011901e-11	0.0831852	2.1830438e-11	0.03914255	2.1986347e-11	0.05390659	2.1959943e-11	0.3002843	0.09266823	0.2524822
X27x6	0.05685217	0.0072195255	0.053241268	0.070039354	0.027359484	1.499512e-11	0.05723915	1.4963265e-11	0.044514664	0.04722594	0.020965584	0.02620385	0.31827283	0.038041	0.23282517
X27x7	0.06949659	0.029108057	0.050657507	0.04440859	0.0018749444	1.1444082e-11	0.03731097	0.025482897	0.03953732	0.030355435	1.14460256e-11	0.017410696	0.3017657	0.073920496	0.27867076
X27x8	0.13360225	1.2514357e-11	0.034095157	0.041072827	0.007990942	0.023001928	0.036128625	1.244516e-11	0.012116312	0.004537377	0.060811304	0.024788901	0.3242773	0.05593907	0.24163803
X27x9	0.14490357	0.058699403	0.03254271	0.040480703	0.004018021	0.010307379	0.013132218	0.018925507	0.043745615	0.013398261	0.0025945855	0.031392798	0.19588973	0.10341772	0.2865517
X28x12	0.45848358	1.0538359e-11	0.08024944	0.0496443	0.013180673	0.060001828	0.015440457	0.049988553	0.010298195	0.003698592	0.019409707	1.0525383e-11	0.10368032	0.10178274	0.034141697
X28x13	0.33963922	0.036698546	1.3015362e-11	0.051038772	0.023988374	0.02128643	0.025949363	0.148399	0.028365778	0.028043743	1.2943149e-11	0.05231802	0.120094456	0.09654182	0.027636524
X28x15	0.006954542	0.008936029	0.07859909	0.07027044	9.4612625e-12	0.12304482	0.12769847	0.027544731	0.072332464	0.060751297	0.028994294	0.040816136	9.442675e-12	0.34844202	0.0056157974
X28x16	0.010451163	0.03768045	0.15230757	0.057029784	0.015954189	0.09444605	0.07016733	8.488448e-12	0.056555673	0.11235565	0.03953458	0.019711198	8.499901e-12	0.32735983	0.0064464575
X28x17	9.360688e-12	9.371745e-12	0.20947382	0.031595726	0.04491672	0.20576778	0.012724543	9.3126765e-12	0.09239343	9.3071184e-12	0.017264612	0.032952268	9.340409e-12	0.3387194	0.014191776
X28x18	0.008872153	0.03998236	0.12675716	0.11304245	6.536916e-12	0.24858442	0.018037226	6.5229545e-12	0.03658432	0.03419292	0.03910686	0.0346416	6.4827184e-12	0.28622386	0.013974663
X28x4	1.6888345e-11	1.692698e-11	0.14233354	0.03979601	0.19412743	0.18214884	0.026419435	0.027068157	0.016060261	1.6922299e-11	0.1249083	1.6971365e-11	0.05168827	0.14445917	0.05099062
X28x5	0.021060882	0.034555048	0.085425995	0.14848565	6.8395563e-12	0.10000181	6.830287e-12	6.8052547e-12	0.0191269	0.18228616	0.017026193	0.030455243	0.071259126	0.08256925	0.2077478
X28x6	0.05113034	8.534083e-12	0.074344374	0.0870969	0.016241977	0.14692086	0.012763032	8.5096695e-12	0.028169531	0.10209913	0.026119908	8.584169e-12	0.15206304	0.08036153	0.22268938
X28x7	0.045485545	1.6326322e-11	0.07296413	0.046970397	0.07026932	0.14064002	0.044645388	1.643342e-11	0.015345163	1.6455375e-11	0.10833546	0.02277503	0.2198293	0.022064699	0.19067553
X28x8	0.061650857	9.562065e-12	0.08629437	0.025909614	0.0927932	0.018327104	9.520645e-12	0.009474073	0.043891624	0.054145195	0.020898648	0.041708138	0.22919697	0.12298149	0.1927287
X28x9	0.044584833	0.011452436	0.03467614	0.13981934	0.08980739	0.13027972	0.016510868	0.016059473	0.010366173	0.15478985	0.0055612973	0.087537095	0.046044502	0.0950724	0.11743852
X29x10	0.18731067	0.005528573	0.041651558	0.10238806	0.0391304	0.039052043	0.021010468	0.083073005	2.7130952e-11	2.7222441e-11	2.7330136e-11	0.046033513	0.27847734	0.115282506	0.04106176
X29x11	0.335632	0.04201587	0.038409147	0.03625425	0.009015035	1.5572809e-11	0.07533133	0.018000266	0.03850329	0.042206455	0.0069697215	0.037040483	0.2186058	0.072515555	0.029500794
X29x13	0.26110384	0.012989014	0.041421518	0.037501436	0.101381324	0.115724936	0.06678724	1.44758944e-11	0.007641531	1.4453382e-11	0.034224708	0.02432756	0.19657142	0.08492099	0.015404388
X29x15	0.009787764	0.11242955	0.06454668	0.11670729	0.03906166	0.10118474	6.8134686e-12	6.802444e-12	0.11201411	0.11995395	0.02112068	0.04221772	0.012514666	0.24503765	0.003423506
X29x16	0.008443743	0.033599243	0.122432545	0.0738112	0.042368162	0.12114738	0.12239204	0.05075416	0.11977431	0.049006827	0.0800952	0.049603038	2.7146048e-12	0.12193071	0.0046414244
X29x17	0.0040154248	0.014912394	0.079511926	0.08490211	0.01565837	0.06811042	0.20946178	0.20851968	0.028855152	0.007570831	0.008745947	0.10550299	4.6230107e-12	0.16103847	0.00319443
X29x8	0.16477141	0.032558255	0.043805946	0.017825654	1.0551037e-11	0.014589022	0.17362253	0.31375185	0.041806534	0.01611698	1.0521294e-11	0.045872554	0.06587611	0.056705665	0.0126975095
X29x9	0.4824179	0.037356745	0.10444141	2.7765515e-10	0.036502745	0.011194162	0.061328378	3.3841367e-11	3.411733e-11	0.06380193	0.022703204	0.07582023	3.4080776e-11	0.077044986	0.027388318
X30x10	0.024986852	0.045419794	0.13335347	0.013310045	0.0209348	0.011824855	0.20679936	0.20679073	0.018738676	0.013446577	0.012021447	0.20142905	0.034608018	0.054677002	0.0016592456
X30x11	0.37425753	0.03607222	0.07076332	0.016109785	0.010711719	0.029078031	0.058480833	0.06819374	0.009728566	0.010709006	0.014525941	0.019736348	0.16706358	0.11456953	1.1648503e-11
X30x15	0.030268343	2.9289134e-11	0.097169615	0.08352117	0.071718365	0.0944554	0.049175877	2.93021e-11	0.018224062	0.16133067	0.039343886	0.086967506	0.06489608	0.20292903	2.9439347e-11
X30x16	0.005551974	0.020733276	0.102397345	0.04780454	0.008772373	0.12607978	0.1658677	0.054199517	0.073984735	0.041801292	0.04453102	0.032760285	0.0004986115	0.2674244	0.007593108
X30x17	6.4349676e-12	0.05152512	0.10900734	0.29144567	0.0065977015	0.09935785	0.1143592	0.013898687	0.019000582	0.023984408	6.492988e-12	0.11367115	6.428674e-12	0.15324715	0.0039051606
X30x18	0.031163309	1.8929991e-11	0.10647045	0.022186948	0.021903997	0.07366858	0.26071048	0.122276135	0.011313865	0.021032566	1.8865182e-11	0.0444337	0.079572	0.18496875	0.020299233
X30x8	0.26872146	1.749605e-11	0.046273496	0.027629714	0.17175493	0.03230974	0.09044532	0.09831301	1.7530456e-11	1.746691e-11	0.040463094	0.028024672	0.11919841	0.059380434	0.017485615
X30x9	0.022958163	0.034609996	0.10350838	0.014484365	0.0040759356	0.006122055	0.24611121	0.24605122	0.020518914	5.394642e-12	0.012413896	0.19844915	0.03868359	0.047298033	0.004715114
X31x10	0.04550634	0.033151828	0.08413091	0.013938074	0.017853329	0.016810736	0.25617528	0.25617883	0.013827267	5.6553555e-12	0.007905304	0.15720032	0.06307792	0.027537035	0.006706824
X31x11	0.11080806	0.02129279	0.020304421	0.017899914	0.02148486	0.008105241	0.21585779	0.2801769	0.024404487	8.2722275e-12	8.271344e-12	0.05278635	0.19640362	0.03047551	8.2486734e-12
X31x12	0.3457011	0.0144245885	0.05837126	0.034661457	0.048925277	0.06972671	0.035888933	0.019119233	1.2051743e-11	0.05026883	0.0130544705	0.027474599	0.1880996	0.07350285	0.020781152
X31x15	0.020973822	0.017850595	0.10923923	0.044598404	0.11915225	0.17171998	0.1152297	1.4608323e-11	0.010758816	0.07066785	0.06449263	1.4588108e-11	1.4573787e-11	0.2553167	1.4611751e-11
X31x16	0.011289358	0.11750855	0.101036824	0.14208648	0.026150586	0.15921247	0.038600165	0.014136717	0.023364186	0.049739305	0.027639035	0.054079972	5.891107e-12	0.2283349	0.006821371
X31x17	6.193195e-12	0.011643553	0.083736725	0.09366381	0.013686865	0.114065595	0.10476273	0.25315666	0.048394144	0.008656962	0.022880172	0.09645381	6.1820067e-12	0.13531376	0.013585287
X31x8	0.26293823	0.033794478	0.09228975	0.054007787	0.10283738	0.019306025	0.035927515	0.064754926	0.013038117	0.019105226	9.894285e-12	9.844889e-12	0.2089055	0.06792044	0.02517457
X31x9	0.048162583	0.022585146	0.03492963	0.023147056	0.019257106	0.018462246	0.32654628	0.32680938	0.0074955225	0.0048673395	7.2098924e-12	0.05269902	0.10253351	0.012505131	7.2068944e-12
X32x16	8.5957404e-12	0.009615243	0.13711478	0.05668481	0.09854818	0.2708904	0.03125468	8.592397e-12	8.672978e-12	0.03146304	0.04836256	0.062238865	0.01205229	0.22776172	0.014013521
